{"cameraMode":{"drawMode":0,"name":"Shaded","section":"Shading Mode"},"sceneLighting":false,"audioPlay":false,"sceneViewState":{"m_AlwaysRefresh":false,"showFog":true,"showSkybox":false,"showFlares":true,"showImageEffects":true,"showParticleSystems":true,"showVisualEffectGraphs":true,"m_FxEnabled":true},"in2DMode":false,"pivot":{"x":-5.712974548339844,"y":22.669044494628908,"z":2.295286178588867},"rotation":{"x":-0.0017427406273782254,"y":-0.9219083786010742,"z":-0.004148929379880428,"w":0.3873840272426605},"size":40.06369400024414,"orthographic":true}