{"cameraMode":{"drawMode":0,"name":"Shaded","section":"Shading Mode"},"sceneLighting":false,"audioPlay":false,"sceneViewState":{"m_AlwaysRefresh":false,"showFog":true,"showSkybox":true,"showFlares":true,"showImageEffects":true,"showParticleSystems":true,"showVisualEffectGraphs":true,"m_FxEnabled":true},"in2DMode":false,"pivot":{"x":961.2999877929688,"y":43.950008392333987,"z":-773.9000244140625},"rotation":{"x":0.0009167889948002994,"y":0.9930299520492554,"z":-0.11762174963951111,"w":0.007741793990135193},"size":28.859603881835939,"orthographic":false}